site.sp,site,bin,CaseCAX.Dasypus novemcinctus,CAX,Dasypus novemcinctus,simpleCAX.Cuniculus paca,CAX,Cuniculus paca,simpleCAX.Mazama nemorivaga,CAX,Mazama nemorivaga,simpleCAX.Dasyprocta leporina,CAX,Dasyprocta leporina,simpleCAX.Dasypus kappleri,CAX,Dasypus kappleri,simpleCAX.Mazama americana,CAX,Mazama americana,simpleCAX.Psophia viridis,CAX,Psophia viridis,simpleCSN.Crax alector,CSN,Crax alector,simpleCSN.Dasypus novemcinctus,CSN,Dasypus novemcinctus,simpleCSN.Tapirus terrestris,CSN,Tapirus terrestris,simpleCSN.Myoprocta acouchy,CSN,Myoprocta acouchy,simpleCSN.Cuniculus paca,CSN,Cuniculus paca,simpleCSN.Didelphis marsupialis,CSN,Didelphis marsupialis,simpleCSN.Mazama americana,CSN,Mazama americana,simpleCSN.Psophia crepitans,CSN,Psophia crepitans,simpleCSN.Dasyprocta leporina,CSN,Dasyprocta leporina,simpleMAS.Cuniculus paca,MAS,Cuniculus paca,simpleMAS.Didelphis marsupialis,MAS,Didelphis marsupialis,simpleMAS.Mazama americana,MAS,Mazama americana,simpleMAS.Psophia crepitans,MAS,Psophia crepitans,simpleMAS.Dasyprocta leporina,MAS,Dasyprocta leporina,simpleMAS.Metachirus nudicaudatus,MAS,Metachirus nudicaudatus,simpleMAS.Pecari tajacu,MAS,Pecari tajacu,simpleMAS.Myoprocta acouchy,MAS,Myoprocta acouchy,simpleMAS.Dasypus novemcinctus,MAS,Dasypus novemcinctus,simpleVB_.Cuniculus paca,VB_,Cuniculus paca,simpleVB_.Pecari tajacu,VB_,Pecari tajacu,simpleVB_.Dasypus novemcinctus,VB_,Dasypus novemcinctus,simpleVB_.Tapirus bairdii,VB_,Tapirus bairdii,simpleVB_.Dasyprocta punctata,VB_,Dasyprocta punctata,simpleBIF.Cercopithecus lhoesti,BIF,Cercopithecus lhoesti,simpleBIF.Cephalophus silvicultor,BIF,Cephalophus silvicultor,simpleBIF.Cephalophus nigrifrons,BIF,Cephalophus nigrifrons,simpleBBS.Muntiacus muntjak,BBS,Muntiacus muntjak,simpleBBS.Hystrix brachyura,BBS,Hystrix brachyura,simpleBBS.Macaca nemestrina,BBS,Macaca nemestrina,simpleBBS.Argusianus argus,BBS,Argusianus argus,simpleBBS.Sus scrofa,BBS,Sus scrofa,simpleNAK.Muntiacus muntjak,NAK,Muntiacus muntjak,simpleNAK.Atherurus macrourus,NAK,Atherurus macrourus,simpleNNN.Protoxerus stangeri,NNN,Protoxerus stangeri,simpleNNN.Loxodonta africana,NNN,Loxodonta africana,simpleNNN.Cephalophus dorsalis,NNN,Cephalophus dorsalis,simpleNNN.Cephalophus silvicultor,NNN,Cephalophus silvicultor,simpleNNN.Pan troglodytes,NNN,Pan troglodytes,simpleNNN.Philantomba monticola,NNN,Philantomba monticola,simpleNNN.Cephalophus callipygus,NNN,Cephalophus callipygus,simpleNNN.Cricetomys gambianus,NNN,Cricetomys gambianus,simpleNNN.Potamochoerus porcus,NNN,Potamochoerus porcus,simpleNNN.Gorilla gorilla,NNN,Gorilla gorilla,simpleYAS.Myoprocta pratti,YAS,Myoprocta pratti,simpleYAS.Pecari tajacu,YAS,Pecari tajacu,simpleYAS.Tapirus terrestris,YAS,Tapirus terrestris,simpleYAS.Dasyprocta fuliginosa,YAS,Dasyprocta fuliginosa,simpleYAS.Dasypus novemcinctus,YAS,Dasypus novemcinctus,simpleYAS.Tayassu pecari,YAS,Tayassu pecari,simpleYAS.Cuniculus paca,YAS,Cuniculus paca,simpleYAS.Tinamus major,YAS,Tinamus major,simpleYAS.Leopardus pardalis,YAS,Leopardus pardalis,simpleYAS.Mazama nemorivaga,YAS,Mazama nemorivaga,simpleYAS.Mazama americana,YAS,Mazama americana,simpleYAS.Sciurus igniventris,YAS,Sciurus igniventris,simpleYAS.Psophia crepitans,YAS,Psophia crepitans,simpleRNF.Nesomys rufus,RNF,Nesomys rufus,simpleRNF.Fossa fossana,RNF,Fossa fossana,simpleUDZ.Cephalophus harveyi,UDZ,Cephalophus harveyi,simpleUDZ.Rhynchocyon udzungwensis,UDZ,Rhynchocyon udzungwensis,simpleUDZ.Cercocebus sanjei,UDZ,Cercocebus sanjei,simpleUDZ.Cephalophus spadix,UDZ,Cephalophus spadix,simpleUDZ.Cricetomys gambianus,UDZ,Cricetomys gambianus,simpleUDZ.Genetta servalina,UDZ,Genetta servalina,simpleUDZ.Paraxerus vexillarius,UDZ,Paraxerus vexillarius,simpleUDZ.Bdeogale crassicauda,UDZ,Bdeogale crassicauda,simpleUDZ.Nesotragus moschatus,UDZ,Nesotragus moschatus,simpleUDZ.Guttera pucherani,UDZ,Guttera pucherani,simpleBCI.Dasyprocta punctata,BCI,Dasyprocta punctata,simpleBCI.Mazama temama,BCI,Mazama temama,simpleBCI.Cuniculus paca,BCI,Cuniculus paca,simpleBCI.Tinamus major,BCI,Tinamus major,simpleBCI.Didelphis marsupialis,BCI,Didelphis marsupialis,simpleBCI.Nasua narica,BCI,Nasua narica,simpleBCI.Proechimys semispinosus,BCI,Proechimys semispinosus,simpleBCI.Pecari tajacu,BCI,Pecari tajacu,simpleBCI.Dasypus novemcinctus,BCI,Dasypus novemcinctus,simpleBCI.Odocoileus virginianus,BCI,Odocoileus virginianus,simpleYAN.Cuniculus paca,YAN,Cuniculus paca,simpleYAN.Dasyprocta fuliginosa,YAN,Dasyprocta fuliginosa,simpleYAN.Dasypus novemcinctus,YAN,Dasypus novemcinctus,simpleYAN.Mitu tuberosum,YAN,Mitu tuberosum,simpleYAN.Tapirus terrestris,YAN,Tapirus terrestris,simpleCOU.Mitu tuberosum,COU,Mitu tuberosum,simpleCOU.Tapirus terrestris,COU,Tapirus terrestris,simpleCOU.Myoprocta pratti,COU,Myoprocta pratti,simpleCOU.Pecari tajacu,COU,Pecari tajacu,simpleCOU.Psophia leucoptera,COU,Psophia leucoptera,simpleCOU.Leopardus pardalis,COU,Leopardus pardalis,simpleCOU.Didelphis marsupialis,COU,Didelphis marsupialis,simpleCOU.Proechimys brevicauda,COU,Proechimys brevicauda,simpleCOU.Cuniculus paca,COU,Cuniculus paca,simpleCOU.Mazama americana,COU,Mazama americana,simpleCOU.Tinamus major,COU,Tinamus major,simpleCOU.Dasyprocta punctata,COU,Dasyprocta punctata,simpleKRP.Genetta servalina,KRP,Genetta servalina,simpleKRP.Philantomba monticola,KRP,Philantomba monticola,simpleKRP.Turtur brehmeri,KRP,Turtur brehmeri,simpleKRP.Cricetomys emini,KRP,Cricetomys emini,simpleKRP.Atherurus africanus,KRP,Atherurus africanus,simpleKRP.Cephalophus ogilbyi,KRP,Cephalophus ogilbyi,simpleKRP.Himantornis haematopus,KRP,Himantornis haematopus,simpleKRP.Funisciurus leucogenys,KRP,Funisciurus leucogenys,simpleKRP.Agelastes niger,KRP,Agelastes niger,simplePSH.Leopoldamys sabanus,PSH,Leopoldamys sabanus,simplePSH.Muntiacus muntjak,PSH,Muntiacus muntjak,simplePSH.Macaca nemestrina,PSH,Macaca nemestrina,simplePSH.Sus scrofa,PSH,Sus scrofa,simplePSH.Tragulus kanchil,PSH,Tragulus kanchil,simpleNA.NA,NA.,A,simpleCAX.Didelphis marsupialis,CAX,Didelphis marsupialis,constantCAX.Nasua nasua,CAX,Nasua nasua,constantCAX.Metachirus nudicaudatus,CAX,Metachirus nudicaudatus,constantCAX.Puma concolor,CAX,Puma concolor,constantCAX.Leopardus pardalis,CAX,Leopardus pardalis,constantCAX.Panthera onca,CAX,Panthera onca,constantCAX.Pecari tajacu,CAX,Pecari tajacu,constantCAX.Tapirus terrestris,CAX,Tapirus terrestris,constantCAX.Myrmecophaga tridactyla,CAX,Myrmecophaga tridactyla,constantCAX.Eira barbara,CAX,Eira barbara,constantCAX.Mitu tuberosum,CAX,Mitu tuberosum,constantCSN.Crypturellus variegatus,CSN,Crypturellus variegatus,constantCSN.Pecari tajacu,CSN,Pecari tajacu,constantCSN.Proechimys guyannensis,CSN,Proechimys guyannensis,constantCSN.Metachirus nudicaudatus,CSN,Metachirus nudicaudatus,constantCSN.Dasypus kappleri,CSN,Dasypus kappleri,constantCSN.Myrmecophaga tridactyla,CSN,Myrmecophaga tridactyla,constantCSN.Panthera onca,CSN,Panthera onca,constantCSN.Priodontes maximus,CSN,Priodontes maximus,constantCSN.Leopardus wiedii,CSN,Leopardus wiedii,constantCSN.Leptotila rufaxilla,CSN,Leptotila rufaxilla,constantCSN.Philander opossum,CSN,Philander opossum,constantCSN.Tinamus major,CSN,Tinamus major,constantCSN.Puma concolor,CSN,Puma concolor,constantCSN.Leopardus pardalis,CSN,Leopardus pardalis,constantCSN.Mazama nemorivaga,CSN,Mazama nemorivaga,constantMAS.Crypturellus variegatus,MAS,Crypturellus variegatus,constantMAS.Crax alector,MAS,Crax alector,constantMAS.Philander opossum,MAS,Philander opossum,constantMAS.Tinamus major,MAS,Tinamus major,constantMAS.Geotrygon montana,MAS,Geotrygon montana,constantMAS.Leopardus pardalis,MAS,Leopardus pardalis,constantMAS.Mazama nemorivaga,MAS,Mazama nemorivaga,constantMAS.Tapirus terrestris,MAS,Tapirus terrestris,constantMAS.Myrmecophaga tridactyla,MAS,Myrmecophaga tridactyla,constantMAS.Eira barbara,MAS,Eira barbara,constantVB_.Leopardus pardalis,VB_,Leopardus pardalis,constantVB_.Crax rubra,VB_,Crax rubra,constantVB_.Mazama temama,VB_,Mazama temama,constantBIF.Genetta servalina,BIF,Genetta servalina,constantBIF.Caracal aurata,BIF,Caracal aurata,constantBIF.Pan troglodytes,BIF,Pan troglodytes,constantBIF.Papio anubis,BIF,Papio anubis,constantBIF.Potamochoerus larvatus,BIF,Potamochoerus larvatus,constantBIF.Cricetomys gambianus,BIF,Cricetomys gambianus,constantBIF.Francolinus nobilis,BIF,Francolinus nobilis,constantBBS.Tapirus indicus,BBS,Tapirus indicus,constantBBS.Tragulus javanicus,BBS,Tragulus javanicus,constantBBS.Tragulus napu,BBS,Tragulus napu,constantBBS.Rusa unicolor,BBS,Rusa unicolor,constantNAK.Paradoxurus hermaphroditus,NAK,Paradoxurus hermaphroditus,constantNAK.Lophura diardi,NAK,Lophura diardi,constantNAK.Macaca leonina,NAK,Macaca leonina,constantNAK.Sus scrofa,NAK,Sus scrofa,constantNAK.Tragulus kanchil,NAK,Tragulus kanchil,constantNNN.Bdeogale nigripes,NNN,Bdeogale nigripes,constantNNN.Genetta servalina,NNN,Genetta servalina,constantNNN.Francolinus lathami,NNN,Francolinus lathami,constantNNN.Genetta tigrina,NNN,Genetta tigrina,constantNNN.Caracal aurata,NNN,Caracal aurata,constantNNN.Cercocebus agilis,NNN,Cercocebus agilis,constantNNN.Atherurus africanus,NNN,Atherurus africanus,constantNNN.Atilax paludinosus,NNN,Atilax paludinosus,constantNNN.Herpestes naso,NNN,Herpestes naso,constantNNN.Agelastes niger,NNN,Agelastes niger,constantNNN.Guttera plumifera,NNN,Guttera plumifera,constantNNN.Panthera pardus,NNN,Panthera pardus,constantYAS.Crypturellus variegatus,YAS,Crypturellus variegatus,constantYAS.Mitu salvini,YAS,Mitu salvini,constantYAS.Nasua nasua,YAS,Nasua nasua,constantYAS.Puma yagouaroundi,YAS,Puma yagouaroundi,constantYAS.Myrmecophaga tridactyla,YAS,Myrmecophaga tridactyla,constantYAS.Odontophorus gujanensis,YAS,Odontophorus gujanensis,constantYAS.Eira barbara,YAS,Eira barbara,constantYAS.Atelocynus microtis,YAS,Atelocynus microtis,constantYAS.Geotrygon montana,YAS,Geotrygon montana,constantYAS.Puma concolor,YAS,Puma concolor,constantYAS.Penelope jacquacu,YAS,Penelope jacquacu,constantYAS.Nothocrax urumutum,YAS,Nothocrax urumutum,constantRNF.Canirallus kioloides,RNF,Canirallus kioloides,constantRNF.Coua reynaudii,RNF,Coua reynaudii,constantRNF.Lophotibis cristata,RNF,Lophotibis cristata,constantRNF.Galidictis fasciata,RNF,Galidictis fasciata,constantRNF.Tenrec ecaudatus,RNF,Tenrec ecaudatus,constantRNF.Rattus rattus,RNF,Rattus rattus,constantRNF.Potamochoerus larvatus,RNF,Potamochoerus larvatus,constantRNF.Cryptoprocta ferox,RNF,Cryptoprocta ferox,constantRNF.Galidia elegans,RNF,Galidia elegans,constantUDZ.Aplopelia larvata,UDZ,Aplopelia larvata,constantUDZ.Nandinia binotata,UDZ,Nandinia binotata,constantUDZ.Potamochoerus larvatus,UDZ,Potamochoerus larvatus,constantUDZ.Cercopithecus mitis,UDZ,Cercopithecus mitis,constantUDZ.Mellivora capensis,UDZ,Mellivora capensis,constantUDZ.Loxodonta africana,UDZ,Loxodonta africana,constantBCI.Sciurus granatensis,BCI,Sciurus granatensis,constantBCI.Leptotila cassini,BCI,Leptotila cassini,constantBCI.Leopardus pardalis,BCI,Leopardus pardalis,constantBCI.Metachirus nudicaudatus,BCI,Metachirus nudicaudatus,constantBCI.Tamandua mexicana,BCI,Tamandua mexicana,constantBCI.Crax rubra,BCI,Crax rubra,constantBCI.Eira barbara,BCI,Eira barbara,constantYAN.Tinamus tao,YAN,Tinamus tao,constantYAN.Leopardus pardalis,YAN,Leopardus pardalis,constantYAN.Sciurus spadiceus,YAN,Sciurus spadiceus,constantYAN.Mazama americana,YAN,Mazama americana,constantYAN.Eira barbara,YAN,Eira barbara,constantYAN.Nasua nasua,YAN,Nasua nasua,constantYAN.Pecari tajacu,YAN,Pecari tajacu,constantCOU.Dasypus kappleri,COU,Dasypus kappleri,constantCOU.Dasypus novemcinctus,COU,Dasypus novemcinctus,constantCOU.Eira barbara,COU,Eira barbara,constantCOU.Myrmecophaga tridactyla,COU,Myrmecophaga tridactyla,constantCOU.Puma concolor,COU,Puma concolor,constantCOU.Penelope jacquacu,COU,Penelope jacquacu,constantCOU.Sciurus ignitus,COU,Sciurus ignitus,constantCOU.Panthera onca,COU,Panthera onca,constantCOU.Tayassu pecari,COU,Tayassu pecari,constantCOU.Odontophorus stellatus,COU,Odontophorus stellatus,constantCOU.Aramides cajaneus,COU,Aramides cajaneus,constantCOU.Leptotila rufaxilla,COU,Leptotila rufaxilla,constantCOU.Philander opossum,COU,Philander opossum,constantCOU.Tinamus tao,COU,Tinamus tao,constantCOU.Crypturellus soui,COU,Crypturellus soui,constantKRP.Phataginus tricuspis,KRP,Phataginus tricuspis,constantKRP.Francolinus lathami,KRP,Francolinus lathami,constantKRP.Nandinia binotata,KRP,Nandinia binotata,constantKRP.Potamochoerus porcus,KRP,Potamochoerus porcus,constantKRP.Herpestes naso,KRP,Herpestes naso,constantKRP.Funisciurus anerythrus,KRP,Funisciurus anerythrus,constantKRP.Funisciurus pyrropus,KRP,Funisciurus pyrropus,constantKRP.Mandrillus leucophaeus,KRP,Mandrillus leucophaeus,constantKRP.Cercocebus torquatus,KRP,Cercocebus torquatus,constantKRP.Crossarchus obscurus,KRP,Crossarchus obscurus,constantPSH.Macaca fascicularis,PSH,Macaca fascicularis,constantPSH.Tapirus indicus,PSH,Tapirus indicus,constantPSH.Lariscus insignis,PSH,Lariscus insignis,constantPSH.Tupaia glis,PSH,Tupaia glis,constantPSH.Atherurus macrourus,PSH,Atherurus macrourus,constantPSH.Hystrix brachyura,PSH,Hystrix brachyura,constantNA.NA,NA.,A,constantCAX.Tinamus major,CAX,Tinamus major,binomialCAX.Tinamus tao,CAX,Tinamus tao,binomialCAX.Tinamus guttatus,CAX,Tinamus guttatus,binomialCAX.Penelope superciliaris,CAX,Penelope superciliaris,binomialCAX.Priodontes maximus,CAX,Priodontes maximus,binomialCAX.Crypturellus strigulosus,CAX,Crypturellus strigulosus,binomialCAX.Puma yagouaroundi,CAX,Puma yagouaroundi,binomialCAX.Tayassu pecari,CAX,Tayassu pecari,binomialCAX.Tamandua tetradactyla,CAX,Tamandua tetradactyla,binomialCAX.Leopardus wiedii,CAX,Leopardus wiedii,binomialCAX.Atelocynus microtis,CAX,Atelocynus microtis,binomialCAX.Geotrygon montana,CAX,Geotrygon montana,binomialCAX.Crypturellus soui,CAX,Crypturellus soui,binomialCAX.Crypturellus variegatus,CAX,Crypturellus variegatus,binomialCAX.Penelope pileata,CAX,Penelope pileata,binomialCAX.Cabassous unicinctus,CAX,Cabassous unicinctus,binomialCSN.Tamandua tetradactyla,CSN,Tamandua tetradactyla,binomialCSN.Leopardus tigrinus,CSN,Leopardus tigrinus,binomialCSN.Crypturellus soui,CSN,Crypturellus soui,binomialCSN.Speothos venaticus,CSN,Speothos venaticus,binomialCSN.Crypturellus cinereus,CSN,Crypturellus cinereus,binomialCSN.Geotrygon violacea,CSN,Geotrygon violacea,binomialCSN.Nasua nasua,CSN,Nasua nasua,binomialCSN.Puma yagouaroundi,CSN,Puma yagouaroundi,binomialCSN.Odocoileus virginianus,CSN,Odocoileus virginianus,binomialCSN.Eira barbara,CSN,Eira barbara,binomialCSN.Odontophorus gujanensis,CSN,Odontophorus gujanensis,binomialCSN.Proechimys cuvieri,CSN,Proechimys cuvieri,binomialCSN.Tayassu pecari,CSN,Tayassu pecari,binomialCSN.Aramides cajaneus,CSN,Aramides cajaneus,binomialCSN.Geotrygon montana,CSN,Geotrygon montana,binomialCSN.Penelope jacquacu,CSN,Penelope jacquacu,binomialCSN.Procyon cancrivorus,CSN,Procyon cancrivorus,binomialMAS.Tamandua tetradactyla,MAS,Tamandua tetradactyla,binomialMAS.Tayassu pecari,MAS,Tayassu pecari,binomialMAS.Cabassous unicinctus,MAS,Cabassous unicinctus,binomialMAS.Panthera onca,MAS,Panthera onca,binomialMAS.Leopardus wiedii,MAS,Leopardus wiedii,binomialMAS.Puma concolor,MAS,Puma concolor,binomialMAS.Leptotila verreauxi,MAS,Leptotila verreauxi,binomialMAS.Nasua nasua,MAS,Nasua nasua,binomialMAS.Puma yagouaroundi,MAS,Puma yagouaroundi,binomialMAS.Odontophorus gujanensis,MAS,Odontophorus gujanensis,binomialVB_.Didelphis marsupialis,VB_,Didelphis marsupialis,binomialVB_.Panthera onca,VB_,Panthera onca,binomialVB_.Leopardus wiedii,VB_,Leopardus wiedii,binomialVB_.Philander opossum,VB_,Philander opossum,binomialVB_.Tinamus major,VB_,Tinamus major,binomialVB_.Procyon lotor,VB_,Procyon lotor,binomialVB_.Nasua narica,VB_,Nasua narica,binomialVB_.Puma concolor,VB_,Puma concolor,binomialVB_.Puma yagouaroundi,VB_,Puma yagouaroundi,binomialVB_.Tamandua mexicana,VB_,Tamandua mexicana,binomialVB_.Metachirus nudicaudatus,VB_,Metachirus nudicaudatus,binomialVB_.Nothocercus bonapartei,VB_,Nothocercus bonapartei,binomialVB_.Penelope purpurascens,VB_,Penelope purpurascens,binomialVB_.Didelphis virginiana,VB_,Didelphis virginiana,binomialVB_.Odocoileus virginianus,VB_,Odocoileus virginianus,binomialVB_.Proechimys semispinosus,VB_,Proechimys semispinosus,binomialVB_.Eira barbara,VB_,Eira barbara,binomialVB_.Odontophorus leucolaemus,VB_,Odontophorus leucolaemus,binomialVB_.Sciurus granatensis,VB_,Sciurus granatensis,binomialVB_.Conepatus semistriatus,VB_,Conepatus semistriatus,binomialBIF.Thryonomys gregorianus,BIF,Thryonomys gregorianus,binomialBIF.Mellivora capensis,BIF,Mellivora capensis,binomialBIF.Tragelaphus spekii,BIF,Tragelaphus spekii,binomialBIF.Guttera pucherani,BIF,Guttera pucherani,binomialBIF.Loxodonta africana,BIF,Loxodonta africana,binomialBIF.Phataginus tricuspis,BIF,Phataginus tricuspis,binomialBIF.Cercopithecus mitis,BIF,Cercopithecus mitis,binomialBIF.Atilax paludinosus,BIF,Atilax paludinosus,binomialBIF.Cricetomys emini,BIF,Cricetomys emini,binomialBIF.Gorilla beringei,BIF,Gorilla beringei,binomialBIF.Nandinia binotata,BIF,Nandinia binotata,binomialBIF.Atherurus africanus,BIF,Atherurus africanus,binomialBIF.Civettictis civetta,BIF,Civettictis civetta,binomialBIF.Thryonomys swinderianus,BIF,Thryonomys swinderianus,binomialBIF.Canis adustus,BIF,Canis adustus,binomialBIF.Cephalophus weynsi,BIF,Cephalophus weynsi,binomialBIF.Leptailurus serval,BIF,Leptailurus serval,binomialBIF.Tragelaphus scriptus,BIF,Tragelaphus scriptus,binomialBBS.Cynogale bennettii,BBS,Cynogale bennettii,binomialBBS.Lutra lutra,BBS,Lutra lutra,binomialBBS.Prionodon linsang,BBS,Prionodon linsang,binomialBBS.Trichys fasciculata,BBS,Trichys fasciculata,binomialBBS.Rollulus rouloul,BBS,Rollulus rouloul,binomialBBS.Manis javanica,BBS,Manis javanica,binomialBBS.Neofelis nebulosa,BBS,Neofelis nebulosa,binomialBBS.Panthera tigris,BBS,Panthera tigris,binomialBBS.Herpestes brachyurus,BBS,Herpestes brachyurus,binomialBBS.Helarctos malayanus,BBS,Helarctos malayanus,binomialBBS.Tupaia tana,BBS,Tupaia tana,binomialBBS.Arctictis binturong,BBS,Arctictis binturong,binomialBBS.Prionailurus bengalensis,BBS,Prionailurus bengalensis,binomialBBS.Chalcophaps indica,BBS,Chalcophaps indica,binomialBBS.Echinosorex gymnura,BBS,Echinosorex gymnura,binomialBBS.Macaca fascicularis,BBS,Macaca fascicularis,binomialBBS.Pardofelis marmorata,BBS,Pardofelis marmorata,binomialBBS.Hemigalus derbyanus,BBS,Hemigalus derbyanus,binomialBBS.Pardofelis temminckii,BBS,Pardofelis temminckii,binomialBBS.Elephas maximus,BBS,Elephas maximus,binomialBBS.Lariscus insignis,BBS,Lariscus insignis,binomialBBS.Cuon alpinus,BBS,Cuon alpinus,binomialBBS.Gallus gallus,BBS,Gallus gallus,binomialBBS.Paguma larvata,BBS,Paguma larvata,binomialNAK.Lophura nycthemera,NAK,Lophura nycthemera,binomialNAK.Polyplectron bicalcaratum,NAK,Polyplectron bicalcaratum,binomialNAK.Pardofelis marmorata,NAK,Pardofelis marmorata,binomialNAK.Pardofelis temminckii,NAK,Pardofelis temminckii,binomialNAK.Arborophila chloropus,NAK,Arborophila chloropus,binomialNAK.Macaca arctoides,NAK,Macaca arctoides,binomialNAK.Francolinus pintadeanus,NAK,Francolinus pintadeanus,binomialNAK.Arctictis binturong,NAK,Arctictis binturong,binomialNAK.Prionailurus bengalensis,NAK,Prionailurus bengalensis,binomialNAK.Melogale personata,NAK,Melogale personata,binomialNAK.Leopoldamys sabanus,NAK,Leopoldamys sabanus,binomialNAK.Manis javanica,NAK,Manis javanica,binomialNAK.Macaca assamensis,NAK,Macaca assamensis,binomialNAK.Hystrix brachyura,NAK,Hystrix brachyura,binomialNAK.Arctonyx collaris,NAK,Arctonyx collaris,binomialNAK.Cuon alpinus,NAK,Cuon alpinus,binomialNAK.Viverra zibetha,NAK,Viverra zibetha,binomialNAK.Gallus gallus,NAK,Gallus gallus,binomialNAK.Capricornis milneedwardsii,NAK,Capricornis milneedwardsii,binomialNAK.Herpestes urva,NAK,Herpestes urva,binomialNAK.Martes flavigula,NAK,Martes flavigula,binomialNNN.Cercopithecus nictitans,NNN,Cercopithecus nictitans,binomialNNN.Phataginus tricuspis,NNN,Phataginus tricuspis,binomialNNN.Hyemoschus aquaticus,NNN,Hyemoschus aquaticus,binomialNNN.Mellivora capensis,NNN,Mellivora capensis,binomialNNN.Tragelaphus spekii,NNN,Tragelaphus spekii,binomialNNN.Francolinus africanus,NNN,Francolinus africanus,binomialNNN.Syncerus caffer,NNN,Syncerus caffer,binomialNNN.Funisciurus lemniscatus,NNN,Funisciurus lemniscatus,binomialNNN.Funisciurus pyrropus,NNN,Funisciurus pyrropus,binomialNNN.Orycteropus afer,NNN,Orycteropus afer,binomialNNN.Cricetomys emini,NNN,Cricetomys emini,binomialNNN.Nandinia binotata,NNN,Nandinia binotata,binomialNNN.Turtur brehmeri,NNN,Turtur brehmeri,binomialNNN.Smutsia gigantea,NNN,Smutsia gigantea,binomialNNN.Tragelaphus eurycerus,NNN,Tragelaphus eurycerus,binomialNNN.Civettictis civetta,NNN,Civettictis civetta,binomialNNN.Thryonomys swinderianus,NNN,Thryonomys swinderianus,binomialNNN.Cephalophus leucogaster,NNN,Cephalophus leucogaster,binomialNNN.Hylochoerus meinertzhageni,NNN,Hylochoerus meinertzhageni,binomialNNN.Cephalophus nigrifrons,NNN,Cephalophus nigrifrons,binomialYAS.Tamandua tetradactyla,YAS,Tamandua tetradactyla,binomialYAS.Baryphthengus martii,YAS,Baryphthengus martii,binomialYAS.Galictis vittata,YAS,Galictis vittata,binomialYAS.Speothos venaticus,YAS,Speothos venaticus,binomialYAS.Sylvilagus brasiliensis,YAS,Sylvilagus brasiliensis,binomialYAS.Crypturellus soui,YAS,Crypturellus soui,binomialYAS.Dasypus kappleri,YAS,Dasypus kappleri,binomialYAS.Metachirus nudicaudatus,YAS,Metachirus nudicaudatus,binomialYAS.Leptotila rufaxilla,YAS,Leptotila rufaxilla,binomialYAS.Didelphis marsupialis,YAS,Didelphis marsupialis,binomialYAS.Neomorphus geoffroyi,YAS,Neomorphus geoffroyi,binomialYAS.Procyon cancrivorus,YAS,Procyon cancrivorus,binomialYAS.Tinamus guttatus,YAS,Tinamus guttatus,binomialYAS.Crypturellus undulatus,YAS,Crypturellus undulatus,binomialYAS.Philander andersoni,YAS,Philander andersoni,binomialYAS.Panthera onca,YAS,Panthera onca,binomialYAS.Priodontes maximus,YAS,Priodontes maximus,binomialYAS.Leopardus wiedii,YAS,Leopardus wiedii,binomialRNF.Hemicentetes nigriceps,RNF,Hemicentetes nigriceps,binomialRNF.Hemicentetes semispinosus,RNF,Hemicentetes semispinosus,binomialRNF.Numida meleagris,RNF,Numida meleagris,binomialRNF.Eupleres goudotii,RNF,Eupleres goudotii,binomialRNF.Brachypteracias squamiger,RNF,Brachypteracias squamiger,binomialRNF.Setifer setosus,RNF,Setifer setosus,binomialRNF.Eulemur rufifrons,RNF,Eulemur rufifrons,binomialUDZ.Thryonomys swinderianus,UDZ,Thryonomys swinderianus,binomialUDZ.Tragelaphus scriptus,UDZ,Tragelaphus scriptus,binomialUDZ.Leptailurus serval,UDZ,Leptailurus serval,binomialUDZ.Rhynchocyon cirnei,UDZ,Rhynchocyon cirnei,binomialUDZ.Panthera pardus,UDZ,Panthera pardus,binomialUDZ.Petrodromus tetradactylus,UDZ,Petrodromus tetradactylus,binomialUDZ.Syncerus caffer,UDZ,Syncerus caffer,binomialUDZ.Atilax paludinosus,UDZ,Atilax paludinosus,binomialUDZ.Civettictis civetta,UDZ,Civettictis civetta,binomialUDZ.Hystrix africaeaustralis,UDZ,Hystrix africaeaustralis,binomialUDZ.Francolinus squamatus,UDZ,Francolinus squamatus,binomialUDZ.Papio cynocephalus,UDZ,Papio cynocephalus,binomialUDZ.Mungos mungo,UDZ,Mungos mungo,binomialUDZ.Xenoperdix udzungwensis,UDZ,Xenoperdix udzungwensis,binomialUDZ.Crocuta crocuta,UDZ,Crocuta crocuta,binomialBCI.Tapirus bairdii,BCI,Tapirus bairdii,binomialBCI.Hydrochoerus isthmius,BCI,Hydrochoerus isthmius,binomialBCI.Galictis vittata,BCI,Galictis vittata,binomialBCI.Sylvilagus brasiliensis,BCI,Sylvilagus brasiliensis,binomialBCI.Geotrygon montana,BCI,Geotrygon montana,binomialBCI.Neomorphus geoffroyi,BCI,Neomorphus geoffroyi,binomialBCI.Procyon cancrivorus,BCI,Procyon cancrivorus,binomialBCI.Aramides cajaneus,BCI,Aramides cajaneus,binomialBCI.Canis latrans,BCI,Canis latrans,binomialBCI.Leopardus wiedii,BCI,Leopardus wiedii,binomialBCI.Cabassous centralis,BCI,Cabassous centralis,binomialBCI.Philander opossum,BCI,Philander opossum,binomialBCI.Odontophorus gujanensis,BCI,Odontophorus gujanensis,binomialBCI.Hoplomys gymnurus,BCI,Hoplomys gymnurus,binomialBCI.Nasua nasua,BCI,Nasua nasua,binomialBCI.Puma yagouaroundi,BCI,Puma yagouaroundi,binomialBCI.Penelope purpurascens,BCI,Penelope purpurascens,binomialBCI.Leptotila verreauxi,BCI,Leptotila verreauxi,binomialYAN.Tamandua tetradactyla,YAN,Tamandua tetradactyla,binomialYAN.Tremarctos ornatus,YAN,Tremarctos ornatus,binomialYAN.Leopardus wiedii,YAN,Leopardus wiedii,binomialYAN.Penelope jacquacu,YAN,Penelope jacquacu,binomialYAN.Didelphis marsupialis,YAN,Didelphis marsupialis,binomialYAN.Puma concolor,YAN,Puma concolor,binomialYAN.Neomorphus geoffroyi,YAN,Neomorphus geoffroyi,binomialYAN.Panthera onca,YAN,Panthera onca,binomialYAN.Tinamus major,YAN,Tinamus major,binomialYAN.Procyon cancrivorus,YAN,Procyon cancrivorus,binomialYAN.Tinamus guttatus,YAN,Tinamus guttatus,binomialYAN.Metachirus nudicaudatus,YAN,Metachirus nudicaudatus,binomialYAN.Geotrygon frenata,YAN,Geotrygon frenata,binomialYAN.Dasypus kappleri,YAN,Dasypus kappleri,binomialYAN.Myrmecophaga tridactyla,YAN,Myrmecophaga tridactyla,binomialYAN.Puma yagouaroundi,YAN,Puma yagouaroundi,binomialCOU.Nasua nasua,COU,Nasua nasua,binomialCOU.Crypturellus bartletti,COU,Crypturellus bartletti,binomialCOU.Geotrygon violacea,COU,Geotrygon violacea,binomialCOU.Puma yagouaroundi,COU,Puma yagouaroundi,binomialCOU.Atelocynus microtis,COU,Atelocynus microtis,binomialCOU.Hydrochoerus hydrochaeris,COU,Hydrochoerus hydrochaeris,binomialCOU.Leopardus wiedii,COU,Leopardus wiedii,binomialCOU.Sciurus spadiceus,COU,Sciurus spadiceus,binomialCOU.Priodontes maximus,COU,Priodontes maximus,binomialCOU.Sciurus igniventris,COU,Sciurus igniventris,binomialCOU.Geotrygon montana,COU,Geotrygon montana,binomialCOU.Neomorphus geoffroyi,COU,Neomorphus geoffroyi,binomialCOU.Crypturellus undulatus,COU,Crypturellus undulatus,binomialCOU.Procyon cancrivorus,COU,Procyon cancrivorus,binomialCOU.Tinamus guttatus,COU,Tinamus guttatus,binomialCOU.Pteronura brasiliensis,COU,Pteronura brasiliensis,binomialCOU.Tamandua tetradactyla,COU,Tamandua tetradactyla,binomialCOU.Crypturellus variegatus,COU,Crypturellus variegatus,binomialCOU.Leopardus tigrinus,COU,Leopardus tigrinus,binomialCOU.Crypturellus cinereus,COU,Crypturellus cinereus,binomialCOU.Sylvilagus brasiliensis,COU,Sylvilagus brasiliensis,binomialKRP.Canirallus oculeus,KRP,Canirallus oculeus,binomialKRP.Hyemoschus aquaticus,KRP,Hyemoschus aquaticus,binomialKRP.Bdeogale nigripes,KRP,Bdeogale nigripes,binomialKRP.Cercopithecus nictitans,KRP,Cercopithecus nictitans,binomialKRP.Loxodonta africana,KRP,Loxodonta africana,binomialKRP.Cephalophus silvicultor,KRP,Cephalophus silvicultor,binomialKRP.Picathartes oreas,KRP,Picathartes oreas,binomialPSH.Chalcophaps indica,PSH,Chalcophaps indica,binomialPSH.Pardofelis marmorata,PSH,Pardofelis marmorata,binomialPSH.Hemigalus derbyanus,PSH,Hemigalus derbyanus,binomialPSH.Pardofelis temminckii,PSH,Pardofelis temminckii,binomialPSH.Sundasciurus hippurus,PSH,Sundasciurus hippurus,binomialPSH.Echinosorex gymnura,PSH,Echinosorex gymnura,binomialPSH.Rusa unicolor,PSH,Rusa unicolor,binomialPSH.Lophura ignita,PSH,Lophura ignita,binomialPSH.Callosciurus erythraeus,PSH,Callosciurus erythraeus,binomialPSH.Herpestes brachyurus,PSH,Herpestes brachyurus,binomialPSH.Prionodon linsang,PSH,Prionodon linsang,binomialPSH.Arctictis binturong,PSH,Arctictis binturong,binomialPSH.Prionailurus bengalensis,PSH,Prionailurus bengalensis,binomialPSH.Neofelis nebulosa,PSH,Neofelis nebulosa,binomialPSH.Prionailurus planiceps,PSH,Prionailurus planiceps,binomialPSH.Rhinosciurus laticaudatus,PSH,Rhinosciurus laticaudatus,binomialPSH.Panthera pardus,PSH,Panthera pardus,binomialPSH.Capricornis sumatraensis,PSH,Capricornis sumatraensis,binomialPSH.Helarctos malayanus,PSH,Helarctos malayanus,binomialPSH.Manis javanica,PSH,Manis javanica,binomialPSH.Presbytis siamensis,PSH,Presbytis siamensis,binomialPSH.Argusianus argus,PSH,Argusianus argus,binomialPSH.Cuon alpinus,PSH,Cuon alpinus,binomialPSH.Viverra zibetha,PSH,Viverra zibetha,binomialPSH.Muntiacus montanus,PSH,Muntiacus montanus,binomialPSH.Rhizomys sumatrensis,PSH,Rhizomys sumatrensis,binomialPSH.Gallus gallus,PSH,Gallus gallus,binomialPSH.Martes flavigula,PSH,Martes flavigula,binomialPSH.Paguma larvata,PSH,Paguma larvata,binomialNA.NA,NA.,A,binomial